Kontoumsaetze;;;;
Konto;DE00 0000 0000 0000 0000 00;;;
Zeitraum;01.03.2026 - 28.08.2026;;;
;;;;
Buchungstag;Beschreibung;Verwendungszweck;Betrag;Waehrung
01.03.2026;HAUSVERWALTUNG KELLER GMBH;Lastschrift;-1.150,00;EUR
01.03.2026;FITX BERLIN MITTE;Lastschrift;-18,89;EUR
02.03.2026;EDEKA SUEDWEST;Kartenzahlung;-33,77;EUR
03.03.2026;SPOTIFY AB;Online-Ueberweisung;-10,99;EUR
03.03.2026;REWE MARKT GMBH//BERLIN;SEPA-Ueberweisung;-29,66;EUR
05.03.2026;PAYPAL *TAKEAWAY;Kartenzahlung girocard;-27,94;EUR
05.03.2026;VATTENFALL EUROPE;SEPA-Ueberweisung;-57,24;EUR
06.03.2026;DM-DROGERIE MARKT SAGT DANKE;Online-Ueberweisung;-16,94;EUR
07.03.2026;REWE MARKT GMBH//BERLIN;Kartenzahlung;-62,56;EUR
07.03.2026;H&M HENNES MAURITZ;Dauerauftrag;-25,70;EUR
08.03.2026;PAYPAL *LIEFERANDO;Dauerauftrag;-37,93;EUR
08.03.2026;SHELL 1234 BERLIN;Kartenzahlung;-32,32;EUR
09.03.2026;BVG BERLIN;Online-Ueberweisung;-2,60;EUR
09.03.2026;ZUM SCHWARZEN CAFE;Dauerauftrag;-18,55;EUR
10.03.2026;NETFLIX.COM;Dauerauftrag;-13,99;EUR
11.03.2026;BVG APP TICKET;Kartenzahlung girocard;-3,91;EUR
11.03.2026;CAFE EINSTEIN;Lastschrift;-4,78;EUR
11.03.2026;H&M HENNES MAURITZ;SEPA-Ueberweisung;-49,20;EUR
12.03.2026;LIDL DIENSTLEISTUNG;Online-Ueberweisung;-17,43;EUR
14.03.2026;LIEFERANDO.DE;SEPA-Ueberweisung;-35,24;EUR
15.03.2026;REWE SAGT DANKE;Lastschrift;-41,59;EUR
15.03.2026;REWE MARKT GMBH//BERLIN;Kartenzahlung;-38,57;EUR
15.03.2026;LIDL DIENSTLEISTUNG;Lastschrift;-27,25;EUR
15.03.2026;PAYPAL *TAKEAWAY;Kartenzahlung;-25,29;EUR
15.03.2026;BONANZA COFFEE;Online-Ueberweisung;-3,05;EUR
16.03.2026;PAYPAL *LIEFERANDO;Kartenzahlung;-13,45;EUR
17.03.2026;APPLE.COM/BILL;Kartenzahlung;-2,99;EUR
18.03.2026;REWE 4712 BERLIN;Dauerauftrag;-24,71;EUR
20.03.2026;REWE SAGT DANKE;Online-Ueberweisung;-9,51;EUR
20.03.2026;REWE SAGT DANKE;Online-Ueberweisung;-23,08;EUR
20.03.2026;LIEFERANDO.DE;Dauerauftrag;-12,72;EUR
21.03.2026;REWE MARKT GMBH//BERLIN;Lastschrift;-47,98;EUR
21.03.2026;BVG APP TICKET;Lastschrift;-6,13;EUR
22.03.2026;LIDL SAGT DANKE;Dauerauftrag;-27,68;EUR
22.03.2026;CAFE EINSTEIN;Online-Ueberweisung;-17,16;EUR
23.03.2026;REWE MARKT GMBH//BERLIN;Lastschrift;-32,09;EUR
23.03.2026;DM-DROGERIE MARKT SAGT DANKE;Kartenzahlung;-19,59;EUR
24.03.2026;DB VERTRIEB GMBH;Online-Ueberweisung;-58,59;EUR
24.03.2026;SHELL 1234 BERLIN;Dauerauftrag;-49,44;EUR
25.03.2026;H&M HENNES MAURITZ;Dauerauftrag;-79,57;EUR
27.03.2026;BVG APP TICKET;Kartenzahlung girocard;-2,29;EUR
28.03.2026;GEHALT NOVADATA GMBH;Kartenzahlung;3.200,00;EUR
28.03.2026;REWE SAGT DANKE;Online-Ueberweisung;-28,61;EUR
28.03.2026;EDEKA MOELLER;Kartenzahlung girocard;-15,78;EUR
28.03.2026;AMAZON PAYMENTS;Dauerauftrag;-77,66;EUR
01.04.2026;MIETE WOHNUNG;Online-Ueberweisung;-1.150,00;EUR
01.04.2026;REWE 4712 BERLIN;Kartenzahlung;-12,05;EUR
02.04.2026;FITX BERLIN MITTE;SEPA-Ueberweisung;-18,89;EUR
02.04.2026;EDEKA//BERLIN;Kartenzahlung;-34,28;EUR
02.04.2026;EDEKA SUEDWEST;Kartenzahlung;-22,91;EUR
02.04.2026;DM DROGERIE MARKT;Kartenzahlung;-22,26;EUR
02.04.2026;PAYPAL *LIEFERANDO;Lastschrift;-36,94;EUR
03.04.2026;PAYPAL *SPOTIFY;Online-Ueberweisung;-10,99;EUR
03.04.2026;REWE MARKT GMBH//BERLIN;Online-Ueberweisung;-37,31;EUR
03.04.2026;VATTENFALL SALES GMBH;SEPA-Ueberweisung;-60,31;EUR
04.04.2026;BONANZA COFFEE;Lastschrift;-18,07;EUR
06.04.2026;BVG APP TICKET;Lastschrift;-5,66;EUR
06.04.2026;VATTENFALL SALES GMBH;Dauerauftrag;-54,13;EUR
07.04.2026;EDEKA//BERLIN;Kartenzahlung girocard;-9,96;EUR
07.04.2026;DEUTSCHE BAHN AG;Dauerauftrag;-36,63;EUR
08.04.2026;REWE SAGT DANKE;SEPA-Ueberweisung;-11,84;EUR
08.04.2026;EDEKA//BERLIN;Kartenzahlung girocard;-14,05;EUR
08.04.2026;AMZN MKTP DE;Online-Ueberweisung;-37,01;EUR
09.04.2026;AMAZON PAYMENTS;SEPA-Ueberweisung;-30,08;EUR
11.04.2026;NETFLIX INTERNATIONAL B.V.;Dauerauftrag;-13,99;EUR
12.04.2026;EDEKA SUEDWEST;Online-Ueberweisung;-23,79;EUR
13.04.2026;BVG APP TICKET;SEPA-Ueberweisung;-2,02;EUR
14.04.2026;LIDL DIENSTLEISTUNG;Lastschrift;-11,42;EUR
14.04.2026;BONANZA COFFEE;Dauerauftrag;-13,52;EUR
15.04.2026;UNIQLO BERLIN;Kartenzahlung;-58,48;EUR
16.04.2026;REWE SAGT DANKE;Online-Ueberweisung;-20,21;EUR
17.04.2026;APPLE.COM/BILL;Lastschrift;-2,99;EUR
18.04.2026;ARAL TANKSTELLE;Lastschrift;-38,53;EUR
19.04.2026;REWE 4712 BERLIN;Lastschrift;-39,57;EUR
19.04.2026;REWE SAGT DANKE;Kartenzahlung girocard;-40,84;EUR
19.04.2026;PAYPAL *TAKEAWAY;Lastschrift;-23,87;EUR
19.04.2026;BONANZA COFFEE;Kartenzahlung;-12,51;EUR
20.04.2026;ZUM SCHWARZEN CAFE;Kartenzahlung girocard;-4,09;EUR
21.04.2026;AMAZON.DE*MK2YT;Kartenzahlung;-40,90;EUR
24.04.2026;DB VERTRIEB GMBH;Lastschrift;-94,62;EUR
24.04.2026;DB VERTRIEB GMBH;Kartenzahlung;-57,00;EUR
25.04.2026;MEDIAMARKT BERLIN;Dauerauftrag;-253,64;EUR
26.04.2026;BVG APP TICKET;Kartenzahlung girocard;-9,07;EUR
28.04.2026;LOHN/GEHALT NOVADATA;Lastschrift;3.200,00;EUR
28.04.2026;LIDL DIENSTLEISTUNG;Dauerauftrag;-37,31;EUR
28.04.2026;BVG FAHRAUSWEIS;Lastschrift;-5,61;EUR
01.05.2026;MIETE WOHNUNG;Lastschrift;-1.150,00;EUR
01.05.2026;REWE SAGT DANKE;Online-Ueberweisung;-27,01;EUR
01.05.2026;BVG APP TICKET;SEPA-Ueberweisung;-7,94;EUR
02.05.2026;FITX BERLIN MITTE;Online-Ueberweisung;-18,89;EUR
02.05.2026;VATTENFALL SALES GMBH;Dauerauftrag;-51,43;EUR
03.05.2026;SPOTIFY AB;Kartenzahlung;-10,99;EUR
03.05.2026;REWE 4712 BERLIN;Lastschrift;-61,87;EUR
03.05.2026;ARAL TANKSTELLE;Kartenzahlung;-41,35;EUR
07.05.2026;EDEKA//BERLIN;Kartenzahlung;-34,65;EUR
07.05.2026;ZUM SCHWARZEN CAFE;Online-Ueberweisung;-8,83;EUR
07.05.2026;SHELL 1234 BERLIN;Online-Ueberweisung;-50,45;EUR
08.05.2026;VATTENFALL EUROPE;Kartenzahlung;-59,29;EUR
09.05.2026;REWE MARKT GMBH//BERLIN;Dauerauftrag;-17,21;EUR
09.05.2026;BVG APP TICKET;SEPA-Ueberweisung;-9,78;EUR
10.05.2026;BVG FAHRAUSWEIS;Lastschrift;-9,38;EUR
10.05.2026;UNIQLO BERLIN;Dauerauftrag;-29,71;EUR
11.05.2026;BVG FAHRAUSWEIS;SEPA-Ueberweisung;-10,45;EUR
11.05.2026;BONANZA COFFEE;Kartenzahlung;-12,97;EUR
12.05.2026;NETFLIX.COM;SEPA-Ueberweisung;-13,99;EUR
12.05.2026;EDEKA MOELLER;SEPA-Ueberweisung;-43,76;EUR
12.05.2026;EDEKA SUEDWEST;Dauerauftrag;-38,76;EUR
13.05.2026;AMZN MKTP DE;Dauerauftrag;-83,54;EUR
14.05.2026;LIDL DIENSTLEISTUNG;Kartenzahlung girocard;-5,87;EUR
14.05.2026;PAYPAL *TAKEAWAY;Kartenzahlung;-27,37;EUR
14.05.2026;BONANZA COFFEE;Online-Ueberweisung;-3,03;EUR
17.05.2026;APPLE.COM/BILL;Online-Ueberweisung;-2,99;EUR
17.05.2026;REWE SAGT DANKE;Kartenzahlung;-35,85;EUR
18.05.2026;REWE MARKT GMBH//BERLIN;Dauerauftrag;-10,05;EUR
18.05.2026;REWE SAGT DANKE;Kartenzahlung;-16,44;EUR
18.05.2026;AMAZON.DE*MK2YT;Online-Ueberweisung;-21,38;EUR
19.05.2026;DB VERTRIEB GMBH;Kartenzahlung;-91,89;EUR
19.05.2026;ZUM SCHWARZEN CAFE;Online-Ueberweisung;-6,04;EUR
19.05.2026;AMAZON PAYMENTS;Kartenzahlung;-41,01;EUR
20.05.2026;PAYPAL *TAKEAWAY;SEPA-Ueberweisung;-22,73;EUR
21.05.2026;REWE MARKT GMBH//BERLIN;Kartenzahlung;-32,14;EUR
21.05.2026;BVG BERLIN;Dauerauftrag;-6,58;EUR
21.05.2026;ZARA DEUTSCHLAND;Kartenzahlung girocard;-37,56;EUR
22.05.2026;CAFE EINSTEIN;Online-Ueberweisung;-9,53;EUR
23.05.2026;REWE SAGT DANKE;Kartenzahlung;-32,38;EUR
24.05.2026;EDEKA MOELLER;Lastschrift;-12,49;EUR
24.05.2026;BONANZA COFFEE;Online-Ueberweisung;-18,04;EUR
24.05.2026;BONANZA COFFEE;SEPA-Ueberweisung;-17,40;EUR
26.05.2026;LIDL SAGT DANKE;SEPA-Ueberweisung;-28,45;EUR
26.05.2026;DM-DROGERIE MARKT SAGT DANKE;Kartenzahlung;-23,64;EUR
27.05.2026;SHELL 1234 BERLIN;Online-Ueberweisung;-68,08;EUR
28.05.2026;LOHN/GEHALT NOVADATA;Online-Ueberweisung;3.200,00;EUR
28.05.2026;DM DROGERIE MARKT;Kartenzahlung girocard;-17,18;EUR
01.06.2026;HAUSVERWALTUNG KELLER GMBH;Online-Ueberweisung;-1.150,00;EUR
01.06.2026;FITX BERLIN MITTE;Kartenzahlung girocard;-18,89;EUR
02.06.2026;LIDL DIENSTLEISTUNG;Kartenzahlung girocard;-12,24;EUR
02.06.2026;BVG APP TICKET;Lastschrift;-4,34;EUR
03.06.2026;LIDL SAGT DANKE;Kartenzahlung girocard;-9,84;EUR
04.06.2026;SPOTIFY AB;Online-Ueberweisung;-10,99;EUR
04.06.2026;AMZN MKTP DE;SEPA-Ueberweisung;-94,89;EUR
05.06.2026;ZUM SCHWARZEN CAFE;Dauerauftrag;-10,58;EUR
06.06.2026;REWE 4712 BERLIN;Dauerauftrag;-53,83;EUR
06.06.2026;REWE MARKT GMBH//BERLIN;Kartenzahlung girocard;-50,39;EUR
06.06.2026;BVG FAHRAUSWEIS;Dauerauftrag;-9,56;EUR
07.06.2026;CAFE EINSTEIN;SEPA-Ueberweisung;-10,44;EUR
08.06.2026;EDEKA MOELLER;Online-Ueberweisung;-17,53;EUR
08.06.2026;DM-DROGERIE MARKT SAGT DANKE;Kartenzahlung;-11,64;EUR
10.06.2026;EDEKA SUEDWEST;SEPA-Ueberweisung;-15,85;EUR
11.06.2026;NETFLIX INTERNATIONAL B.V.;Kartenzahlung girocard;-13,99;EUR
11.06.2026;BVG APP TICKET;Online-Ueberweisung;-8,02;EUR
11.06.2026;DB VERTRIEB GMBH;SEPA-Ueberweisung;-40,01;EUR
12.06.2026;PAYPAL *LIEFERANDO;Online-Ueberweisung;-17,05;EUR
12.06.2026;VATTENFALL SALES GMBH;Kartenzahlung;-55,46;EUR
13.06.2026;SHELL 1234 BERLIN;Kartenzahlung;-45,87;EUR
14.06.2026;LIDL DIENSTLEISTUNG;Kartenzahlung girocard;-19,27;EUR
14.06.2026;BVG APP TICKET;Lastschrift;-3,22;EUR
15.06.2026;REWE SAGT DANKE;Kartenzahlung;-10,86;EUR
15.06.2026;REWE MARKT GMBH//BERLIN;Online-Ueberweisung;-15,60;EUR
16.06.2026;DM-DROGERIE MARKT SAGT DANKE;SEPA-Ueberweisung;-4,17;EUR
16.06.2026;PAYPAL *TAKEAWAY;Kartenzahlung;-11,52;EUR
17.06.2026;APPLE.COM/BILL;Online-Ueberweisung;-2,99;EUR
17.06.2026;REWE 4712 BERLIN;SEPA-Ueberweisung;-64,31;EUR
17.06.2026;REWE 4712 BERLIN;Kartenzahlung girocard;-32,32;EUR
18.06.2026;BVG APP TICKET;Dauerauftrag;-2,24;EUR
19.06.2026;BVG FAHRAUSWEIS;Online-Ueberweisung;-7,97;EUR
19.06.2026;ZARA DEUTSCHLAND;Dauerauftrag;-16,80;EUR
19.06.2026;SHELL 1234 BERLIN;Kartenzahlung;-57,62;EUR
20.06.2026;AMAZON PAYMENTS;Online-Ueberweisung;-75,62;EUR
21.06.2026;IKEA BERLIN TEMPELHOF;Kartenzahlung girocard;-83,29;EUR
23.06.2026;LIDL SAGT DANKE;Kartenzahlung;-10,35;EUR
23.06.2026;SHELL 1234 BERLIN;Dauerauftrag;-60,90;EUR
24.06.2026;DM DROGERIE MARKT;Kartenzahlung girocard;-24,57;EUR
25.06.2026;REWE 4712 BERLIN;Online-Ueberweisung;-58,81;EUR
25.06.2026;EDEKA//BERLIN;SEPA-Ueberweisung;-16,38;EUR
25.06.2026;EDEKA SUEDWEST;Online-Ueberweisung;-38,66;EUR
25.06.2026;LIDL SAGT DANKE;Dauerauftrag;-25,44;EUR
25.06.2026;DM-DROGERIE MARKT SAGT DANKE;Dauerauftrag;-14,92;EUR
25.06.2026;DB VERTRIEB GMBH;SEPA-Ueberweisung;-90,95;EUR
25.06.2026;ZUM SCHWARZEN CAFE;Lastschrift;-3,50;EUR
27.06.2026;ZUM SCHWARZEN CAFE;Lastschrift;-3,33;EUR
28.06.2026;GEHALT NOVADATA GMBH;Kartenzahlung girocard;3.200,00;EUR
01.07.2026;HAUSVERWALTUNG KELLER GMBH;SEPA-Ueberweisung;-1.150,00;EUR
03.07.2026;SPOTIFY AB STOCKHOLM;Lastschrift;-10,99;EUR
03.07.2026;FITX GMBH;Kartenzahlung girocard;-18,89;EUR
03.07.2026;H&M HENNES MAURITZ;Dauerauftrag;-25,99;EUR
03.07.2026;ZARA DEUTSCHLAND;Kartenzahlung girocard;-25,96;EUR
04.07.2026;LIDL DIENSTLEISTUNG;Kartenzahlung;-30,24;EUR
04.07.2026;DB VERTRIEB GMBH;Kartenzahlung girocard;-80,24;EUR
04.07.2026;CAFE EINSTEIN;Dauerauftrag;-11,93;EUR
04.07.2026;VATTENFALL EUROPE;SEPA-Ueberweisung;-55,62;EUR
05.07.2026;LIEFERANDO.DE;Kartenzahlung;-32,90;EUR
06.07.2026;DB VERTRIEB GMBH;Kartenzahlung girocard;-92,14;EUR
07.07.2026;REWE MARKT GMBH//BERLIN;SEPA-Ueberweisung;-28,23;EUR
08.07.2026;REWE MARKT GMBH//BERLIN;Dauerauftrag;-49,04;EUR
08.07.2026;EDEKA MOELLER;SEPA-Ueberweisung;-22,98;EUR
08.07.2026;VATTENFALL EUROPE;Kartenzahlung girocard;-60,93;EUR
09.07.2026;REWE 4712 BERLIN;SEPA-Ueberweisung;-58,18;EUR
09.07.2026;BVG FAHRAUSWEIS;Dauerauftrag;-2,41;EUR
10.07.2026;BVG BERLIN;Lastschrift;-2,13;EUR
10.07.2026;BVG FAHRAUSWEIS;Online-Ueberweisung;-8,28;EUR
10.07.2026;DB VERTRIEB GMBH;SEPA-Ueberweisung;-50,96;EUR
10.07.2026;ARAL TANKSTELLE;Kartenzahlung;-58,28;EUR
11.07.2026;NETFLIX.COM;Online-Ueberweisung;-13,99;EUR
12.07.2026;LIDL DIENSTLEISTUNG;Kartenzahlung girocard;-21,56;EUR
13.07.2026;CAFE EINSTEIN;SEPA-Ueberweisung;-10,21;EUR
15.07.2026;REWE MARKT GMBH//BERLIN;Dauerauftrag;-21,90;EUR
15.07.2026;EDEKA MOELLER;SEPA-Ueberweisung;-39,30;EUR
15.07.2026;LIDL DIENSTLEISTUNG;Lastschrift;-14,48;EUR
16.07.2026;REWE SAGT DANKE;Kartenzahlung girocard;-56,50;EUR
18.07.2026;APPLE COM BILL ITUNES;Dauerauftrag;-2,99;EUR
18.07.2026;REWE SAGT DANKE;Kartenzahlung;-8,58;EUR
19.07.2026;PAYPAL *LIEFERANDO;Lastschrift;-28,00;EUR
19.07.2026;BONANZA COFFEE;Online-Ueberweisung;-12,94;EUR
20.07.2026;REWE MARKT GMBH//BERLIN;Kartenzahlung;-46,09;EUR
20.07.2026;ZUM SCHWARZEN CAFE;Dauerauftrag;-15,65;EUR
23.07.2026;EDEKA//BERLIN;Kartenzahlung girocard;-26,00;EUR
23.07.2026;ZARA DEUTSCHLAND;Kartenzahlung;-56,57;EUR
24.07.2026;LIDL DIENSTLEISTUNG;Online-Ueberweisung;-24,26;EUR
24.07.2026;LIDL SAGT DANKE;Lastschrift;-23,76;EUR
24.07.2026;DM-DROGERIE MARKT SAGT DANKE;Kartenzahlung;-17,56;EUR
25.07.2026;AMZN MKTP DE;SEPA-Ueberweisung;-30,48;EUR
27.07.2026;REWE MARKT GMBH//BERLIN;SEPA-Ueberweisung;-49,67;EUR
27.07.2026;DM DROGERIE MARKT;SEPA-Ueberweisung;-9,44;EUR
27.07.2026;VATTENFALL EUROPE;Lastschrift;-49,99;EUR
28.07.2026;LOHN/GEHALT NOVADATA;Kartenzahlung;3.200,00;EUR
28.07.2026;REWE SAGT DANKE;SEPA-Ueberweisung;-21,99;EUR
28.07.2026;BVG FAHRAUSWEIS;Kartenzahlung;-8,78;EUR
28.07.2026;CAFE EINSTEIN;SEPA-Ueberweisung;-12,42;EUR
01.08.2026;HAUSVERWALTUNG KELLER GMBH;Kartenzahlung girocard;-1.150,00;EUR
01.08.2026;FITX BERLIN;Kartenzahlung;-18,89;EUR
02.08.2026;PAYPAL *SPOTIFY;Online-Ueberweisung;-10,99;EUR
02.08.2026;EDEKA SUEDWEST;Dauerauftrag;-13,88;EUR
03.08.2026;REWE 4712 BERLIN;Dauerauftrag;-21,05;EUR
03.08.2026;EDEKA SUEDWEST;Kartenzahlung;-19,21;EUR
03.08.2026;CAFE EINSTEIN;SEPA-Ueberweisung;-10,51;EUR
03.08.2026;AMAZON PAYMENTS;SEPA-Ueberweisung;-33,53;EUR
03.08.2026;ARAL TANKSTELLE;Dauerauftrag;-54,38;EUR
04.08.2026;BVG FAHRAUSWEIS;Kartenzahlung girocard;-7,83;EUR
05.08.2026;BONANZA COFFEE;Lastschrift;-9,56;EUR
06.08.2026;AMZN MKTP DE;Kartenzahlung;-85,42;EUR
08.08.2026;AMAZON.DE*MK2YT;Kartenzahlung;-91,38;EUR
08.08.2026;VATTENFALL EUROPE;Lastschrift;-54,97;EUR
09.08.2026;LIDL DIENSTLEISTUNG;Kartenzahlung girocard;-24,22;EUR
09.08.2026;BVG APP TICKET;SEPA-Ueberweisung;-8,95;EUR
09.08.2026;DB VERTRIEB GMBH;Online-Ueberweisung;-80,11;EUR
10.08.2026;DB VERTRIEB GMBH;Lastschrift;-81,51;EUR
11.08.2026;NETFLIX INTERNATIONAL B.V.;SEPA-Ueberweisung;-13,99;EUR
11.08.2026;PAYPAL *TAKEAWAY;Kartenzahlung girocard;-31,11;EUR
11.08.2026;CAFE EINSTEIN;Kartenzahlung;-16,92;EUR
11.08.2026;AMAZON.DE*MK2YT;SEPA-Ueberweisung;-96,96;EUR
13.08.2026;PAYPAL *TAKEAWAY;Lastschrift;-37,69;EUR
13.08.2026;BONANZA COFFEE;Online-Ueberweisung;-18,27;EUR
14.08.2026;REWE MARKT GMBH//BERLIN;Online-Ueberweisung;-47,54;EUR
14.08.2026;BVG APP TICKET;Lastschrift;-9,51;EUR
14.08.2026;UNIQLO BERLIN;Kartenzahlung girocard;-25,19;EUR
15.08.2026;BVG APP TICKET;Lastschrift;-6,96;EUR
15.08.2026;DB VERTRIEB GMBH;SEPA-Ueberweisung;-56,70;EUR
15.08.2026;VATTENFALL SALES GMBH;SEPA-Ueberweisung;-56,93;EUR
16.08.2026;REWE MARKT GMBH//BERLIN;SEPA-Ueberweisung;-27,83;EUR
16.08.2026;PAYPAL *LIEFERANDO;Dauerauftrag;-37,05;EUR
17.08.2026;REWE MARKT GMBH//BERLIN;Lastschrift;-45,14;EUR
17.08.2026;ZUM SCHWARZEN CAFE;Online-Ueberweisung;-17,57;EUR
18.08.2026;APPLE COM BILL ITUNES;Kartenzahlung girocard;-2,99;EUR
18.08.2026;DM DROGERIE MARKT;Kartenzahlung;-15,42;EUR
19.08.2026;REWE 4712 BERLIN;SEPA-Ueberweisung;-62,19;EUR
19.08.2026;REWE SAGT DANKE;Kartenzahlung girocard;-10,29;EUR
19.08.2026;REWE MARKT GMBH//BERLIN;Kartenzahlung;-32,85;EUR
19.08.2026;LIEFERANDO.DE;Kartenzahlung;-21,34;EUR
19.08.2026;H&M HENNES MAURITZ;Lastschrift;-62,73;EUR
20.08.2026;LIDL SAGT DANKE;SEPA-Ueberweisung;-32,98;EUR
20.08.2026;BVG FAHRAUSWEIS;Kartenzahlung;-6,57;EUR
20.08.2026;BONANZA COFFEE;Kartenzahlung;-14,08;EUR
21.08.2026;LIDL SAGT DANKE;Lastschrift;-20,47;EUR
22.08.2026;REWE SAGT DANKE;SEPA-Ueberweisung;-13,96;EUR
22.08.2026;EDEKA SUEDWEST;Kartenzahlung girocard;-42,51;EUR
22.08.2026;VATTENFALL SALES GMBH;SEPA-Ueberweisung;-48,13;EUR
22.08.2026;MEDIAMARKT BERLIN;SEPA-Ueberweisung;-99,20;EUR
23.08.2026;LIDL SAGT DANKE;Online-Ueberweisung;-21,96;EUR
23.08.2026;BVG BERLIN;SEPA-Ueberweisung;-4,63;EUR
24.08.2026;REWE MARKT GMBH//BERLIN;Kartenzahlung;-26,37;EUR
25.08.2026;EDEKA//BERLIN;Kartenzahlung;-22,98;EUR
25.08.2026;LIEFERANDO.DE;SEPA-Ueberweisung;-25,67;EUR
25.08.2026;BONANZA COFFEE;Kartenzahlung;-10,81;EUR
25.08.2026;AMZN MKTP DE;Kartenzahlung girocard;-78,61;EUR
27.08.2026;EDEKA MOELLER;Kartenzahlung girocard;-37,94;EUR
28.08.2026;LOHN/GEHALT NOVADATA;Dauerauftrag;3.200,00;EUR
28.08.2026;PAYPAL *TAKEAWAY;Lastschrift;-16,09;EUR
28.08.2026;BONANZA COFFEE;Dauerauftrag;-8,26;EUR
